doc_id,doc_content
20567,atterlep hmmm atheists atheists hmmm atheists atterlep
20607,english easter easter easter english easter english easter easter covington covington
20741,deeds deeds
20758,orthodox adherents unity unity eternality eternality criticism biblical biblical adherents unity concept persons eternality eternality criticism concept persons adherents unity deeds eternality equal eternality criticism regard orthodox concept adherents concept biblical eternality criticism concept persons regard orthodox adherents orthodox persons equal persons persons eternality equal regard criticism orthodox unity
20859,female desk desk desk desk piece piece female piece loving loving
20910,goer goer goer goer halifax
20972,persons asks asks reasoning arguing
21334,test test test quality
21383,covington essay covington essay essay
21795,atterlep
51510,gsfc gsfc gsfc
51708,processor processor memory processor memory processor memory memory
51776,stereo stereo stereo stereo
52089,fonts fonts fonts
52187,russotto russotto utkvx utkvx min russotto russotto russotto
52233,chimes sites chimes memory chimes chimes
52443,centris centris centris iivx iivx iivx iivx iivx
52631,det que que min det que det det que min min min que que det det que det edm edm edm que edm edm min edm det det min edm que det min edm edm min edm det min que edm min det min que edm
53767,abc abc que que abc
53871,moncton moncton moncton halifax moncton moncton moncton halifax moncton moncton halifax breton breton breton breton breton breton breton breton cup champs champs champs
54093,den bryn det den bryn hade hade det hade den bryn bryn bryn bryn
54123,drugs drugs drugs caught drugs raw raw caught drugs
54260,drivers criminals drivers army
54424,pouring pouring pouring
54649,concept
54661,definitions agents
54714,slaughter
54847,agents wish agents asks concentrate
55086,millions millions millions agencies reno agencies prez agencies reno agencies prez prez definitions agencies definitions
60206,drivers drivers
60517,hst
60819,handle processor
61075,sportster sportster sportster hst hst
75995,ncsu ncsu ncsu huji
76032,napoleon napoleon napoleon
76043,farzin farzin farzin
76199,criminals mutlu criminals biggest mutlu dbd org org mutlu turk mutlu loving loving success vay vay vay vay turk mutlu vay dbd org mutlu mutlu loving loving success mutlu biggest vay vay vay vay turk mutlu vay mutlu columbia columbia org dbd org columbia columbia org dbd org desk crap crap crap
76406,huji huji bernadotte bernadotte english bernadotte
76501,occupied occupied west girls girls girls parents girls abu girls abu troops demanded female abu demanded army troops troops mass orthodox occupied west army mass occupied west sites sites aol america org
76531,usc usc child
76541,representatives
77223,azerbaijan agdam agdam azerbaijan cold slaughter slaughter agdam agdam cold agdam agdam slaughter agdam karabag huseyin village huseyin bayonetted karabag bayonetted village huseyin bayonetted karabag karabag karabag reactions reactions
77394,voted azerbaijan azerbaijan karabag huseyin village huseyin bayonetted karabag bayonetted village huseyin bayonetted karabag karabag karabag reactions reactions
102587,lefty throws
102645,prior date
102706,hulman hulman west hulman
104388,america america
104405,boxscores boxscores boxscores hulman hulman
104420,fielding traynor fielding fielding fielding fielding level level traynor traynor fielding
104484,salaries salaries salaries
104567,cold
104716,throws throws occupied
104877,errey errey errey
104958,mss prior prior success plenty plenty plenty mss
104959,reno straight pitching straight caught leadoff leadoff
104992,mss
105012,cup cup straight pitching leadoff pitching pitching straight
176900,voted chancellor chancellor voted chancellor voted
176933,lefty lefty
176993,misc misc juris wish wish documents hmmm biggest juris juris documents date documents juris date juris date date date usc juris misc hmmm
178382,papers powerful representatives representatives powerful powerful handle demanded handle level decisions decisions level level level concentrate level level capable plenty capable concentrate decisions level authority authority decisions decisions decisions authority concentrate decisions arguing papers papers arguing senators powerful papers reasoning reasoning reasoning reasoning vetos vetos vetos senators senators arguing piece capable
178712,quality raw drugs quality walsh walsh walsh aol aol
178847,utkvx utkvx parents mass parents
178860,gain gain gain
178932,child motss motss child motss child
179025,russotto russotto
